               epoch,      train/box_loss,      train/obj_loss,      train/cls_loss,   metrics/precision,      metrics/recall,     metrics/mAP_0.5,metrics/mAP_0.5:0.95,        val/box_loss,        val/obj_loss,        val/cls_loss,               x/lr0,               x/lr1,               x/lr2
                   0,             0.10245,            0.040698,            0.040436,             0.24584,             0.14794,             0.18161,            0.051579,            0.078499,            0.018455,            0.041881,              0.0739,              0.0029,              0.0029
                   1,            0.073657,            0.045489,            0.035501,             0.24267,             0.56536,             0.25171,            0.093443,            0.068993,            0.023863,            0.034026,            0.046885,           0.0058854,           0.0058854
                   2,            0.065709,            0.040339,            0.032398,             0.33289,             0.46615,             0.38427,             0.23071,            0.060523,             0.01455,            0.030096,            0.019856,           0.0088559,           0.0088559
                   3,            0.064381,            0.037233,            0.027125,             0.47005,             0.50271,             0.48739,             0.25567,            0.062237,            0.012346,            0.020676,           0.0099258,           0.0099258,           0.0099258
                   4,             0.05954,            0.034569,            0.020896,             0.46664,               0.604,             0.54023,             0.25608,            0.051962,            0.013168,            0.016375,           0.0099258,           0.0099258,           0.0099258
                   5,            0.053875,            0.033337,            0.016246,             0.61418,              0.6002,             0.61885,             0.33983,            0.051146,            0.012558,            0.014757,            0.009901,            0.009901,            0.009901
                   6,            0.053068,            0.035067,            0.014896,             0.51229,             0.66874,             0.58799,             0.33797,            0.046738,            0.012039,            0.019023,           0.0098763,           0.0098763,           0.0098763
                   7,            0.050005,            0.034843,            0.013881,             0.79845,             0.61684,             0.69765,             0.39878,            0.046218,            0.011894,             0.01768,           0.0098515,           0.0098515,           0.0098515
                   8,            0.048429,            0.033068,            0.012521,             0.62179,             0.51835,             0.57602,             0.31671,            0.045767,             0.01219,            0.020167,           0.0098268,           0.0098268,           0.0098268
                   9,            0.044802,            0.031974,            0.011261,             0.52726,             0.67034,             0.60958,             0.38281,            0.039968,            0.011681,            0.018601,            0.009802,            0.009802,            0.009802
                  10,            0.046032,            0.033108,            0.010304,             0.66642,             0.58337,             0.62631,             0.38789,            0.042094,            0.012441,            0.018362,           0.0097773,           0.0097773,           0.0097773
                  11,             0.04399,            0.032862,             0.01072,             0.63518,             0.67126,             0.66047,              0.4012,            0.040289,            0.012297,            0.020316,           0.0097525,           0.0097525,           0.0097525
                  12,            0.043439,            0.030956,           0.0097576,             0.71704,             0.61934,             0.66416,             0.43143,            0.039447,            0.011586,            0.021246,           0.0097278,           0.0097278,           0.0097278
                  13,            0.041738,            0.030412,           0.0095266,             0.81986,              0.6275,             0.75385,             0.44537,            0.038488,             0.01198,            0.015902,            0.009703,            0.009703,            0.009703
                  14,            0.042522,            0.032125,           0.0095743,              0.8084,             0.66991,             0.78204,             0.49196,            0.039905,            0.011898,            0.014825,           0.0096783,           0.0096783,           0.0096783
                  15,            0.042435,            0.031013,           0.0090947,             0.84326,              0.6619,             0.74778,             0.50362,            0.037336,            0.012406,            0.018774,           0.0096535,           0.0096535,           0.0096535
                  16,            0.040069,               0.031,            0.010008,             0.78158,             0.64254,             0.72395,             0.45742,            0.040255,            0.011907,            0.023809,           0.0096288,           0.0096288,           0.0096288
                  17,            0.040563,            0.030434,           0.0082583,             0.81876,             0.70651,             0.78416,             0.51902,            0.038299,            0.011752,             0.01672,            0.009604,            0.009604,            0.009604
                  18,            0.039588,            0.032691,           0.0087733,             0.81049,             0.69322,             0.76698,             0.48875,            0.039353,            0.012595,            0.018275,           0.0095793,           0.0095793,           0.0095793
                  19,             0.03945,            0.030721,           0.0076713,             0.78755,             0.61067,             0.70043,             0.45699,              0.0401,            0.013612,            0.021755,           0.0095545,           0.0095545,           0.0095545
                  20,            0.038132,            0.030605,           0.0089334,             0.83123,             0.61774,             0.76005,             0.53203,            0.035221,            0.012151,            0.017709,           0.0095298,           0.0095298,           0.0095298
                  21,            0.037865,            0.031528,           0.0085436,             0.81254,             0.65085,             0.75878,             0.49727,            0.034955,            0.012302,            0.016871,            0.009505,            0.009505,            0.009505
                  22,            0.039627,            0.031271,           0.0072703,             0.88812,             0.66836,             0.78402,             0.53366,            0.036523,            0.011915,             0.01823,           0.0094803,           0.0094803,           0.0094803
                  23,            0.037183,            0.029383,           0.0079363,             0.86361,             0.61705,             0.76282,             0.52266,            0.036175,            0.011324,            0.019277,           0.0094555,           0.0094555,           0.0094555
                  24,            0.037405,            0.030134,           0.0086668,             0.76841,             0.71034,              0.7707,             0.55437,             0.03413,            0.011591,            0.019717,           0.0094307,           0.0094307,           0.0094307
                  25,            0.036291,            0.030777,           0.0077111,             0.76329,             0.62636,             0.71126,             0.48988,            0.034659,            0.011985,            0.023056,            0.009406,            0.009406,            0.009406
                  26,            0.036203,            0.028709,           0.0068928,             0.88278,             0.63326,             0.77124,             0.49767,            0.036355,            0.013948,           0.0094896,           0.0093813,           0.0093813,           0.0093813
                  27,            0.036183,            0.029751,           0.0074813,             0.85048,             0.65029,             0.75252,             0.48511,            0.035429,            0.012662,             0.01993,           0.0093565,           0.0093565,           0.0093565
                  28,            0.035588,            0.029078,           0.0080642,             0.81441,             0.66913,             0.77233,             0.52082,            0.036523,            0.011734,            0.019999,           0.0093317,           0.0093317,           0.0093317
                  29,             0.03653,             0.02938,           0.0074798,             0.77448,             0.70158,             0.75482,             0.52787,            0.033039,            0.011839,            0.023133,            0.009307,            0.009307,            0.009307
                  30,            0.034259,             0.02682,           0.0079605,             0.77922,             0.72105,             0.79023,             0.52664,            0.034694,            0.013399,            0.016149,           0.0092823,           0.0092823,           0.0092823
                  31,            0.034008,            0.028835,           0.0077035,             0.81206,             0.63986,             0.76722,             0.54895,            0.033144,            0.010849,            0.019065,           0.0092575,           0.0092575,           0.0092575
                  32,            0.035508,            0.027593,           0.0075858,             0.86107,             0.63152,             0.77192,             0.52752,            0.033886,            0.011922,            0.019544,           0.0092327,           0.0092327,           0.0092327
                  33,            0.034625,            0.028525,           0.0067512,             0.84584,             0.69703,              0.7879,             0.55991,            0.034292,            0.011147,            0.019403,            0.009208,            0.009208,            0.009208
                  34,             0.03488,            0.029202,           0.0071645,             0.82617,             0.59967,             0.73596,             0.52852,            0.033738,            0.011199,            0.023552,           0.0091833,           0.0091833,           0.0091833
                  35,            0.034618,            0.029672,           0.0064777,             0.80812,             0.70505,             0.77753,             0.54267,            0.034294,            0.011383,            0.019297,           0.0091585,           0.0091585,           0.0091585
                  36,            0.034704,             0.02906,           0.0064183,             0.80758,             0.71502,             0.80007,             0.56521,            0.034191,            0.011108,            0.019459,           0.0091337,           0.0091337,           0.0091337
                  37,             0.03386,            0.028366,           0.0065016,             0.87752,             0.66225,              0.8031,             0.56264,            0.031713,            0.011257,            0.022975,            0.009109,            0.009109,            0.009109
                  38,            0.032263,            0.027957,           0.0065455,             0.80442,             0.65294,             0.74163,             0.51758,            0.034566,            0.011826,            0.024817,           0.0090843,           0.0090843,           0.0090843
                  39,            0.033452,            0.027785,           0.0051406,             0.78681,              0.6796,              0.7736,               0.584,            0.031376,            0.010734,            0.022441,           0.0090595,           0.0090595,           0.0090595
                  40,            0.033826,            0.029049,           0.0063369,             0.78751,             0.69926,             0.77459,             0.54527,            0.033009,            0.011279,             0.02421,           0.0090347,           0.0090347,           0.0090347
                  41,            0.032805,            0.027582,           0.0057576,             0.85115,             0.67041,             0.76755,             0.56647,            0.033365,             0.01222,            0.021736,             0.00901,             0.00901,             0.00901
                  42,            0.033927,            0.028597,           0.0059271,             0.82815,             0.69092,             0.76378,             0.53008,            0.035367,            0.012256,            0.026715,           0.0089853,           0.0089853,           0.0089853
                  43,             0.03243,            0.027389,           0.0048592,             0.80897,             0.65725,               0.755,             0.53239,            0.035718,            0.012651,            0.025208,           0.0089605,           0.0089605,           0.0089605
                  44,            0.033038,            0.028196,           0.0054045,             0.82772,             0.67319,             0.76616,             0.52351,            0.034939,            0.012176,            0.024059,           0.0089358,           0.0089358,           0.0089358
                  45,            0.032491,            0.026789,           0.0065648,             0.87894,             0.70296,             0.80021,             0.56191,            0.034752,            0.011423,            0.020973,            0.008911,            0.008911,            0.008911
                  46,            0.033721,            0.027235,           0.0052821,             0.87884,             0.68264,             0.81641,               0.577,            0.034203,            0.011643,            0.017072,           0.0088863,           0.0088863,           0.0088863
                  47,            0.030393,            0.027957,           0.0060312,             0.87658,             0.70158,              0.8017,             0.58524,            0.032814,            0.011075,            0.020189,           0.0088615,           0.0088615,           0.0088615
                  48,            0.032013,            0.026825,           0.0060765,             0.86043,             0.68153,             0.80018,              0.5692,            0.033461,            0.011051,            0.018314,           0.0088368,           0.0088368,           0.0088368
                  49,            0.031707,            0.027485,           0.0057144,             0.89496,             0.68912,             0.80892,             0.59542,            0.034177,            0.011025,            0.020996,            0.008812,            0.008812,            0.008812
                  50,            0.030477,            0.025433,           0.0061846,             0.87308,             0.67597,             0.82268,             0.59217,            0.032913,            0.011291,            0.019841,           0.0087872,           0.0087872,           0.0087872
                  51,            0.031614,            0.026094,           0.0051432,             0.79681,             0.64205,             0.73759,             0.52694,            0.032308,            0.012627,            0.028197,           0.0087625,           0.0087625,           0.0087625
                  52,            0.030256,            0.025933,           0.0055568,             0.85111,              0.7089,             0.76557,             0.54619,            0.035277,            0.012722,             0.02366,           0.0087378,           0.0087378,           0.0087378
                  53,            0.030982,             0.02719,           0.0055134,             0.86361,             0.67816,             0.79688,             0.57613,            0.033871,            0.010914,            0.020828,            0.008713,            0.008713,            0.008713
                  54,             0.03114,            0.026545,           0.0050525,             0.83506,             0.72105,             0.79849,             0.56932,            0.034287,            0.011259,            0.014871,           0.0086882,           0.0086882,           0.0086882
                  55,            0.030733,            0.026221,           0.0048039,             0.87569,             0.67485,             0.81732,              0.5856,            0.031191,            0.010915,            0.017656,           0.0086635,           0.0086635,           0.0086635
                  56,            0.031004,            0.025683,           0.0050024,              0.8589,             0.67771,             0.79159,             0.57289,            0.033898,            0.010826,            0.022776,           0.0086388,           0.0086388,           0.0086388
                  57,            0.030702,            0.025831,           0.0052872,             0.89619,             0.74645,             0.83551,             0.61627,            0.033167,            0.010368,            0.018061,            0.008614,            0.008614,            0.008614
                  58,            0.029968,            0.025547,           0.0048973,             0.85998,             0.77264,             0.85204,             0.59705,            0.032891,            0.010178,            0.018435,           0.0085893,           0.0085893,           0.0085893
                  59,            0.030765,            0.028085,           0.0044721,              0.8587,             0.71286,              0.7984,              0.6039,            0.032459,            0.010599,            0.024183,           0.0085645,           0.0085645,           0.0085645
                  60,            0.030901,            0.026523,           0.0041332,              0.8649,             0.66818,             0.78112,             0.57229,            0.035813,            0.011656,            0.019722,           0.0085398,           0.0085398,           0.0085398
                  61,            0.030213,            0.026923,           0.0058012,             0.89429,             0.68372,             0.78201,             0.56103,             0.03409,            0.011896,            0.025751,            0.008515,            0.008515,            0.008515
                  62,            0.029161,            0.025649,           0.0050299,             0.87352,             0.66428,             0.74524,             0.53038,            0.033691,            0.012536,             0.02545,           0.0084903,           0.0084903,           0.0084903
                  63,            0.029205,            0.024589,           0.0048879,             0.72603,             0.70832,             0.73774,             0.54851,            0.033311,            0.011715,            0.025871,           0.0084655,           0.0084655,           0.0084655
                  64,            0.029483,            0.026377,            0.005623,             0.78335,             0.69144,             0.76693,             0.56206,            0.032927,            0.011133,            0.028327,           0.0084408,           0.0084408,           0.0084408
                  65,            0.029684,            0.025975,           0.0045873,             0.76101,             0.72481,             0.76305,             0.58734,            0.030835,            0.010809,            0.030415,            0.008416,            0.008416,            0.008416
                  66,             0.02964,            0.024555,           0.0043697,             0.76744,             0.75946,             0.78807,             0.57158,            0.031212,            0.011221,            0.029348,           0.0083913,           0.0083913,           0.0083913
                  67,            0.029601,            0.025088,           0.0044419,             0.87397,             0.68198,             0.80704,              0.5884,             0.03199,            0.011641,            0.022299,           0.0083665,           0.0083665,           0.0083665
                  68,            0.028894,            0.023931,            0.004683,             0.90409,             0.66704,             0.77918,             0.57419,            0.033037,            0.011684,            0.025503,           0.0083418,           0.0083418,           0.0083418
                  69,            0.030125,            0.025388,           0.0045138,             0.88408,             0.62498,             0.76113,             0.54464,            0.033543,            0.012582,            0.029654,            0.008317,            0.008317,            0.008317
                  70,             0.02775,            0.022215,           0.0046587,             0.83779,             0.69669,             0.78176,             0.55539,            0.032682,            0.012159,            0.030297,           0.0082922,           0.0082922,           0.0082922
                  71,             0.02962,            0.025055,           0.0041483,             0.85523,             0.71792,             0.79031,             0.58945,            0.031589,            0.011651,            0.024881,           0.0082675,           0.0082675,           0.0082675
                  72,            0.029065,            0.024961,           0.0045961,             0.80514,             0.71585,             0.79186,             0.57736,            0.032906,            0.011132,            0.024957,           0.0082428,           0.0082428,           0.0082428
                  73,            0.027479,            0.023929,           0.0043563,             0.77589,             0.79723,             0.80548,             0.59523,            0.031956,            0.011262,             0.01955,            0.008218,            0.008218,            0.008218
                  74,            0.028966,            0.026694,           0.0039188,             0.85745,             0.65343,             0.75289,             0.55721,            0.031653,            0.011778,            0.026982,           0.0081932,           0.0081932,           0.0081932
                  75,            0.027779,            0.024538,           0.0048422,             0.79001,             0.68814,             0.73998,             0.54113,            0.032683,            0.012222,            0.028655,           0.0081685,           0.0081685,           0.0081685
                  76,            0.029033,            0.024551,           0.0048688,             0.78213,             0.63998,             0.72482,             0.52826,            0.032826,            0.012079,            0.028498,           0.0081437,           0.0081437,           0.0081437
                  77,            0.028503,            0.023567,            0.005125,             0.79109,             0.68492,             0.75991,             0.55558,            0.034211,             0.01168,            0.028509,            0.008119,            0.008119,            0.008119
                  78,            0.027892,            0.023102,           0.0038903,             0.75446,             0.68838,             0.76542,             0.55939,            0.034923,            0.011904,            0.023207,           0.0080942,           0.0080942,           0.0080942
                  79,            0.028358,            0.023965,           0.0041067,             0.81184,             0.71132,             0.76912,             0.55794,            0.035313,            0.012003,            0.023487,           0.0080695,           0.0080695,           0.0080695
                  80,            0.027321,            0.024655,           0.0040191,             0.77529,             0.74115,             0.78128,             0.57987,            0.032938,            0.012238,            0.024231,           0.0080447,           0.0080447,           0.0080447
                  81,            0.026746,            0.023746,           0.0048909,             0.82244,             0.74198,             0.77475,             0.56783,             0.03266,            0.011699,             0.02485,             0.00802,             0.00802,             0.00802
                  82,            0.028417,            0.024921,           0.0047464,             0.84047,             0.69205,             0.78454,             0.57566,            0.033527,             0.01145,            0.022986,           0.0079953,           0.0079953,           0.0079953
                  83,            0.027376,            0.024494,           0.0040646,             0.88564,             0.66515,             0.80711,             0.58987,            0.033261,            0.011695,            0.024103,           0.0079705,           0.0079705,           0.0079705
                  84,            0.027589,            0.023822,            0.004779,             0.85094,             0.68416,             0.80153,             0.57834,            0.034853,             0.01257,            0.016267,           0.0079457,           0.0079457,           0.0079457
                  85,            0.028027,            0.025008,           0.0037902,             0.79787,             0.71552,             0.74116,             0.57293,            0.031968,            0.011138,            0.018949,            0.007921,            0.007921,            0.007921
                  86,            0.027602,            0.025122,            0.004218,             0.89371,             0.70755,             0.79383,             0.59297,            0.031251,            0.011258,            0.014966,           0.0078963,           0.0078963,           0.0078963
                  87,            0.027996,            0.023972,           0.0039357,              0.9009,             0.69396,             0.81453,             0.61348,            0.029737,            0.010633,            0.023537,           0.0078715,           0.0078715,           0.0078715
                  88,            0.027746,            0.023828,           0.0040756,             0.86252,             0.69505,             0.80083,             0.58594,            0.032416,            0.011199,            0.026092,           0.0078467,           0.0078467,           0.0078467
                  89,             0.02703,            0.023082,           0.0041498,             0.83171,             0.71538,             0.77759,             0.57665,            0.032674,            0.011435,            0.022606,            0.007822,            0.007822,            0.007822
                  90,            0.027201,            0.023719,           0.0038505,             0.83851,             0.75402,             0.80001,             0.59864,            0.030783,            0.011663,            0.021981,           0.0077973,           0.0077973,           0.0077973
                  91,            0.027941,            0.025382,           0.0040582,             0.81692,             0.71349,              0.7991,             0.59448,            0.031941,            0.011659,            0.025453,           0.0077725,           0.0077725,           0.0077725
                  92,            0.026073,            0.022362,           0.0039535,             0.81034,             0.73122,             0.79854,             0.59822,            0.031793,            0.012097,            0.021888,           0.0077478,           0.0077478,           0.0077478
                  93,            0.026195,            0.023188,            0.003982,             0.91567,             0.63212,             0.79466,             0.59365,            0.032821,            0.011679,            0.021112,            0.007723,            0.007723,            0.007723
                  94,            0.027872,            0.023957,           0.0044353,             0.82837,             0.74782,             0.81625,              0.5978,            0.033587,            0.011516,            0.018384,           0.0076983,           0.0076983,           0.0076983
                  95,            0.027064,            0.023875,           0.0041159,             0.83223,             0.73868,             0.80785,             0.58603,            0.031981,            0.011649,            0.019427,           0.0076735,           0.0076735,           0.0076735
                  96,            0.026653,            0.024421,            0.003891,             0.79933,             0.73568,              0.7977,             0.58048,            0.032999,            0.012176,              0.0203,           0.0076488,           0.0076488,           0.0076488
                  97,            0.027579,             0.02454,           0.0030342,             0.82755,             0.74977,             0.81234,             0.59393,            0.032854,            0.011495,            0.021958,            0.007624,            0.007624,            0.007624
                  98,            0.026671,            0.023758,            0.003595,             0.81101,             0.77527,             0.82464,             0.63241,            0.031919,            0.011129,            0.019543,           0.0075993,           0.0075993,           0.0075993
                  99,            0.025925,            0.023123,           0.0034649,             0.86657,             0.71698,             0.80368,             0.60299,             0.03361,            0.011652,            0.016988,           0.0075745,           0.0075745,           0.0075745
                 100,            0.026315,            0.023388,           0.0041563,             0.77438,             0.79362,              0.7878,             0.59635,            0.032976,            0.011512,            0.023171,           0.0075498,           0.0075498,           0.0075498
                 101,            0.026252,            0.023346,           0.0037281,             0.83265,              0.7448,             0.80312,             0.62522,            0.031442,            0.011491,            0.022337,            0.007525,            0.007525,            0.007525
                 102,            0.026618,             0.02494,           0.0032757,              0.7989,             0.69102,             0.78347,             0.58314,            0.032123,            0.011908,            0.025752,           0.0075003,           0.0075003,           0.0075003
                 103,            0.026139,            0.022963,           0.0032757,             0.83971,             0.73939,             0.80656,             0.59009,            0.032751,            0.012444,            0.019612,           0.0074755,           0.0074755,           0.0074755
                 104,            0.025336,            0.022875,           0.0033321,             0.84498,              0.7166,             0.82846,             0.60438,            0.032981,            0.012376,            0.019991,           0.0074507,           0.0074507,           0.0074507
                 105,            0.026418,            0.022802,           0.0034406,             0.82538,             0.73546,             0.81006,             0.61498,            0.032384,            0.011592,            0.025679,            0.007426,            0.007426,            0.007426
                 106,            0.025982,            0.022661,           0.0032781,             0.87984,             0.70106,             0.78444,             0.61208,            0.032437,            0.011662,            0.023433,           0.0074013,           0.0074013,           0.0074013
                 107,            0.026285,            0.022743,           0.0038189,             0.85372,             0.72145,             0.79754,             0.61626,            0.031783,            0.011253,             0.02248,           0.0073765,           0.0073765,           0.0073765
                 108,            0.026208,            0.023141,           0.0035161,             0.86304,             0.75625,             0.79328,             0.58837,            0.034472,            0.012474,             0.02334,           0.0073517,           0.0073517,           0.0073517
                 109,            0.024925,            0.022289,           0.0039354,             0.86494,             0.68938,              0.7992,             0.60685,            0.032134,            0.011377,            0.022933,            0.007327,            0.007327,            0.007327
                 110,            0.026134,             0.02328,           0.0031419,             0.90633,             0.73267,             0.83003,               0.611,            0.032462,            0.011942,            0.018839,           0.0073023,           0.0073023,           0.0073023
                 111,            0.024981,            0.021628,           0.0038046,             0.86543,             0.67528,             0.79052,             0.59915,            0.033678,            0.012717,            0.018766,           0.0072775,           0.0072775,           0.0072775
                 112,            0.026301,            0.022211,           0.0036795,             0.87167,             0.69288,             0.79891,               0.602,            0.033353,            0.012179,            0.020889,           0.0072527,           0.0072527,           0.0072527
                 113,            0.026342,            0.023086,            0.003666,             0.82631,             0.69518,             0.78109,             0.59154,            0.032574,            0.012199,            0.022186,            0.007228,            0.007228,            0.007228
                 114,            0.025601,            0.022877,            0.003499,             0.83691,             0.67799,              0.7671,             0.58717,            0.031232,            0.011886,            0.026923,           0.0072033,           0.0072033,           0.0072033
                 115,            0.026399,            0.023611,           0.0033411,             0.82478,             0.73165,              0.7739,              0.6007,            0.031519,             0.01141,            0.022889,           0.0071785,           0.0071785,           0.0071785
                 116,             0.02543,            0.023408,           0.0029134,              0.9117,             0.68215,             0.78138,             0.56001,            0.033451,            0.012352,            0.022467,           0.0071538,           0.0071538,           0.0071538
                 117,            0.025255,              0.0222,           0.0038536,             0.86693,              0.7115,             0.82086,             0.60059,            0.034025,            0.012406,            0.019537,            0.007129,            0.007129,            0.007129
                 118,            0.024278,             0.02197,            0.003393,             0.82137,             0.78613,             0.86259,             0.65103,            0.031453,            0.010958,            0.011563,           0.0071042,           0.0071042,           0.0071042
                 119,            0.024426,            0.021239,           0.0037134,             0.84771,              0.6743,             0.77872,             0.59306,            0.033119,            0.011962,            0.025612,           0.0070795,           0.0070795,           0.0070795
                 120,            0.024996,            0.021803,           0.0037348,              0.8383,             0.74756,             0.81909,              0.6099,            0.032747,            0.011558,            0.012159,           0.0070547,           0.0070547,           0.0070547
                 121,            0.025341,            0.023168,           0.0032935,             0.78951,             0.73993,             0.78905,             0.60598,            0.030747,             0.01137,            0.025279,             0.00703,             0.00703,             0.00703
                 122,            0.025716,            0.022478,           0.0036582,             0.88178,             0.70975,              0.8149,             0.61952,            0.030698,            0.010513,            0.027897,           0.0070053,           0.0070053,           0.0070053
                 123,            0.025398,            0.022333,           0.0030704,             0.86815,               0.725,             0.79988,             0.61979,            0.030182,            0.010884,            0.029208,           0.0069805,           0.0069805,           0.0069805
                 124,            0.025609,            0.022874,           0.0031658,             0.82349,             0.71647,             0.77224,             0.60045,            0.030879,            0.011241,            0.027588,           0.0069558,           0.0069558,           0.0069558
                 125,            0.024337,            0.022216,           0.0033717,             0.79252,             0.73769,             0.78113,             0.57458,            0.031672,            0.012507,            0.024053,            0.006931,            0.006931,            0.006931
                 126,            0.024758,            0.022715,           0.0027667,             0.77622,             0.66207,             0.74976,             0.54946,            0.032728,            0.013591,            0.026987,           0.0069063,           0.0069063,           0.0069063
                 127,            0.026187,             0.02297,           0.0028771,             0.84976,             0.70708,             0.77385,             0.57939,            0.032606,            0.012995,            0.026528,           0.0068815,           0.0068815,           0.0068815
                 128,            0.025141,            0.022337,           0.0033052,             0.80659,             0.68425,             0.75953,             0.59041,             0.03128,            0.012244,            0.027915,           0.0068568,           0.0068568,           0.0068568
                 129,            0.024504,            0.022407,           0.0030005,             0.83521,             0.68698,             0.76225,             0.58113,            0.030963,            0.011964,            0.029707,            0.006832,            0.006832,            0.006832
                 130,            0.024537,            0.021329,           0.0035109,              0.8577,             0.71886,             0.78633,             0.60702,            0.030819,            0.011373,            0.028834,           0.0068073,           0.0068073,           0.0068073
                 131,            0.023565,            0.020627,           0.0034647,             0.90748,             0.67772,             0.79152,             0.61669,            0.032045,            0.011465,            0.024227,           0.0067825,           0.0067825,           0.0067825
                 132,            0.023176,            0.021032,           0.0028169,             0.81414,             0.72763,             0.80038,             0.60353,            0.032828,            0.011402,            0.027887,           0.0067577,           0.0067577,           0.0067577
                 133,             0.02493,            0.022285,           0.0030269,             0.86213,             0.69184,             0.79935,              0.5952,            0.032521,            0.011423,            0.027519,            0.006733,            0.006733,            0.006733
                 134,            0.024676,            0.023043,           0.0030156,             0.85975,             0.68099,             0.77932,             0.58084,             0.03206,            0.011925,            0.031619,           0.0067082,           0.0067082,           0.0067082
                 135,            0.024164,            0.021636,           0.0030907,             0.85384,               0.727,              0.8084,               0.614,              0.0299,            0.011118,             0.03017,           0.0066835,           0.0066835,           0.0066835
                 136,            0.024172,            0.021176,           0.0033436,             0.85402,             0.69126,             0.81421,             0.60684,            0.031578,            0.011541,            0.019688,           0.0066587,           0.0066587,           0.0066587
                 137,            0.023974,            0.020652,            0.003197,             0.83901,             0.77384,              0.8635,             0.64238,            0.031266,            0.011304,            0.017008,            0.006634,            0.006634,            0.006634
                 138,             0.02437,            0.021578,           0.0030194,              0.8808,             0.72902,             0.85297,             0.64092,            0.030701,            0.010712,            0.022284,           0.0066092,           0.0066092,           0.0066092
                 139,            0.025197,            0.022457,           0.0027976,             0.87819,             0.73414,             0.83304,             0.62853,            0.032563,            0.011372,            0.024327,           0.0065845,           0.0065845,           0.0065845
                 140,            0.023787,            0.020575,           0.0033348,             0.90003,             0.63547,              0.8048,              0.6279,            0.032103,             0.01114,             0.02607,           0.0065598,           0.0065598,           0.0065598
                 141,            0.024084,            0.021279,           0.0030698,             0.92202,             0.66764,             0.83918,             0.63002,            0.032006,            0.011512,            0.020711,            0.006535,            0.006535,            0.006535
                 142,            0.024687,            0.022649,           0.0032621,             0.88197,               0.657,             0.81259,             0.62015,            0.033048,            0.011483,            0.022226,           0.0065102,           0.0065102,           0.0065102
                 143,            0.024618,            0.022197,           0.0030914,             0.83894,             0.66786,              0.8056,             0.60992,             0.03255,            0.011682,            0.025953,           0.0064855,           0.0064855,           0.0064855
                 144,            0.023642,            0.021176,           0.0031153,             0.81316,             0.76092,              0.7994,             0.60995,            0.032846,            0.011673,            0.023891,           0.0064608,           0.0064608,           0.0064608
                 145,             0.02366,            0.021889,           0.0026073,             0.82868,             0.68372,             0.78463,              0.6057,            0.033954,             0.01121,             0.02365,            0.006436,            0.006436,            0.006436
                 146,            0.023225,             0.02112,           0.0029489,             0.82914,             0.67926,             0.77528,             0.58652,             0.03522,            0.011684,            0.021872,           0.0064112,           0.0064112,           0.0064112
                 147,            0.023023,            0.019419,           0.0030377,             0.88193,             0.67114,             0.77639,             0.57987,            0.033774,             0.01199,            0.025504,           0.0063865,           0.0063865,           0.0063865
                 148,            0.022966,            0.020091,           0.0029564,             0.80048,             0.70391,             0.76064,             0.57844,             0.03273,            0.011065,            0.028312,           0.0063618,           0.0063618,           0.0063618
                 149,            0.023719,            0.022266,           0.0027786,             0.79913,                0.71,             0.76643,             0.58937,            0.033126,            0.011409,            0.028586,            0.006337,            0.006337,            0.006337
                 150,             0.02294,            0.020088,           0.0027572,             0.82285,             0.67203,             0.79697,             0.61548,            0.032479,            0.011622,            0.023113,           0.0063122,           0.0063122,           0.0063122
                 151,            0.024073,            0.022596,           0.0024682,             0.85871,             0.67517,             0.79672,             0.59607,            0.032703,            0.011957,            0.022632,           0.0062875,           0.0062875,           0.0062875
                 152,            0.022599,            0.020357,           0.0031289,             0.78465,             0.69656,             0.77914,             0.58639,            0.032001,            0.012205,            0.024265,           0.0062628,           0.0062628,           0.0062628
                 153,             0.02269,            0.019775,           0.0028276,             0.82796,             0.74559,             0.81899,             0.61605,            0.031115,            0.011585,            0.017995,            0.006238,            0.006238,            0.006238
                 154,             0.02304,            0.020064,           0.0025593,             0.80426,             0.73571,             0.81237,             0.59783,            0.032861,             0.01206,            0.022445,           0.0062132,           0.0062132,           0.0062132
                 155,            0.024017,            0.021705,           0.0023242,             0.86673,             0.69607,             0.81633,             0.60662,            0.032565,            0.012403,            0.021101,           0.0061885,           0.0061885,           0.0061885
                 156,             0.02303,            0.020467,           0.0027924,             0.84058,             0.69881,              0.7968,               0.605,             0.03213,            0.011685,            0.021735,           0.0061637,           0.0061637,           0.0061637
                 157,            0.022607,            0.019785,           0.0029298,             0.85197,             0.67517,             0.79451,             0.59991,             0.03205,            0.011658,            0.024006,            0.006139,            0.006139,            0.006139
                 158,            0.023733,            0.022953,           0.0029418,             0.86043,             0.69523,              0.8158,             0.60868,            0.032548,            0.011917,            0.020079,           0.0061142,           0.0061142,           0.0061142
                 159,            0.023108,            0.020897,           0.0030237,             0.86074,             0.73829,             0.81625,             0.61779,            0.032732,            0.011333,            0.016656,           0.0060895,           0.0060895,           0.0060895
                 160,            0.023628,            0.021304,           0.0028554,             0.83912,             0.74819,             0.82466,             0.62009,            0.032698,            0.011463,             0.01918,           0.0060647,           0.0060647,           0.0060647
                 161,            0.023163,            0.020192,           0.0026287,             0.89008,             0.70381,             0.81558,               0.613,            0.032372,             0.01144,            0.023367,             0.00604,             0.00604,             0.00604
                 162,            0.024266,            0.021045,           0.0024848,             0.81018,             0.74143,              0.7847,             0.60324,            0.032069,            0.012074,            0.024826,           0.0060152,           0.0060152,           0.0060152
                 163,            0.022371,            0.019465,           0.0024708,             0.80223,             0.69746,             0.76171,             0.59581,            0.032069,            0.011975,             0.02696,           0.0059905,           0.0059905,           0.0059905
                 164,            0.022915,             0.02007,           0.0023676,             0.85804,             0.69613,             0.79116,             0.60772,            0.031581,            0.011949,            0.026367,           0.0059658,           0.0059658,           0.0059658
                 165,            0.022138,            0.019324,           0.0025938,             0.88815,             0.69982,             0.83809,             0.63672,            0.031449,            0.011634,            0.020822,            0.005941,            0.005941,            0.005941
                 166,            0.023274,             0.02105,           0.0023456,             0.91179,             0.74965,             0.84744,             0.66667,            0.031261,            0.011146,            0.019055,           0.0059163,           0.0059163,           0.0059163
                 167,            0.022285,            0.020353,             0.00265,               0.891,             0.71431,             0.84633,              0.6518,            0.030573,            0.011154,            0.022125,           0.0058915,           0.0058915,           0.0058915
                 168,            0.022552,            0.020495,           0.0027444,             0.81338,             0.74761,             0.82587,             0.61847,            0.031177,            0.011112,            0.025516,           0.0058668,           0.0058668,           0.0058668
                 169,            0.022231,            0.020513,           0.0026824,             0.89413,             0.66037,             0.80954,             0.61728,            0.032337,            0.011333,            0.026366,            0.005842,            0.005842,            0.005842
                 170,            0.022281,            0.020417,           0.0023704,             0.78421,             0.75361,             0.80108,             0.60946,            0.032344,            0.011404,            0.029091,           0.0058173,           0.0058173,           0.0058173
                 171,            0.022685,            0.020113,           0.0023265,             0.81634,             0.78151,             0.82484,             0.62727,            0.032252,            0.011312,            0.028586,           0.0057925,           0.0057925,           0.0057925
                 172,            0.022606,            0.020753,           0.0026355,             0.88674,             0.72283,             0.82703,             0.61402,            0.032216,            0.011655,            0.022931,           0.0057678,           0.0057678,           0.0057678
                 173,            0.021968,            0.019983,           0.0025782,             0.89573,             0.74144,             0.82899,              0.6232,            0.031483,            0.012192,            0.018292,            0.005743,            0.005743,            0.005743
                 174,            0.021885,            0.020305,            0.002244,             0.87548,             0.74598,             0.84128,             0.64667,            0.030591,            0.011446,             0.01864,           0.0057183,           0.0057183,           0.0057183
                 175,            0.022202,            0.020241,           0.0024565,             0.94378,             0.73933,             0.85067,             0.65965,            0.030894,            0.011342,            0.020495,           0.0056935,           0.0056935,           0.0056935
                 176,            0.023196,            0.020781,           0.0025933,             0.84001,             0.77622,               0.834,             0.63351,             0.03171,            0.012299,            0.022765,           0.0056688,           0.0056688,           0.0056688
                 177,            0.022363,            0.019506,           0.0025461,             0.82572,             0.74647,             0.81807,             0.61301,            0.031244,             0.01223,            0.027011,            0.005644,            0.005644,            0.005644
                 178,             0.02295,            0.020538,           0.0021954,             0.77567,             0.80478,             0.81939,             0.62656,             0.03075,            0.011767,            0.028325,           0.0056193,           0.0056193,           0.0056193
                 179,            0.021709,            0.019531,           0.0022099,             0.87129,             0.71858,             0.82445,             0.62042,            0.030766,            0.012167,            0.021571,           0.0055945,           0.0055945,           0.0055945
                 180,            0.021319,            0.019599,           0.0024317,             0.85772,             0.67728,              0.8111,             0.62323,            0.030015,            0.011762,            0.025733,           0.0055698,           0.0055698,           0.0055698
                 181,            0.022185,            0.021461,           0.0024147,             0.78565,             0.80831,             0.83803,             0.61708,            0.030537,            0.011697,            0.020772,            0.005545,            0.005545,            0.005545
                 182,            0.021984,            0.019263,           0.0025369,             0.88237,             0.67584,              0.8155,             0.60985,            0.031797,            0.011935,            0.022473,           0.0055202,           0.0055202,           0.0055202
                 183,            0.021735,            0.019975,           0.0024075,             0.86159,             0.74031,             0.83797,              0.6358,            0.032196,            0.011479,            0.021241,           0.0054955,           0.0054955,           0.0054955
                 184,            0.021722,            0.019702,           0.0028309,             0.79485,             0.70142,             0.79178,             0.61038,            0.032292,            0.011726,            0.022108,           0.0054707,           0.0054707,           0.0054707
                 185,            0.021429,            0.019644,           0.0023856,             0.83165,             0.71961,             0.80833,             0.62711,            0.030796,            0.011541,            0.020145,            0.005446,            0.005446,            0.005446
                 186,            0.022094,            0.019808,           0.0024793,             0.86056,             0.72887,              0.8008,             0.61921,            0.031473,            0.012027,            0.021609,           0.0054212,           0.0054212,           0.0054212
                 187,            0.022065,            0.020954,           0.0024431,             0.82876,             0.74648,             0.82724,             0.64774,            0.030519,            0.011452,            0.019105,           0.0053965,           0.0053965,           0.0053965
                 188,            0.022301,            0.020134,           0.0021697,             0.89554,             0.70871,             0.81941,             0.63024,            0.030235,             0.01174,            0.022237,           0.0053717,           0.0053717,           0.0053717
                 189,            0.021629,            0.019537,           0.0027483,              0.8692,             0.70346,             0.83313,             0.63494,            0.030725,            0.011983,            0.021919,            0.005347,            0.005347,            0.005347
                 190,             0.02181,            0.019895,           0.0031464,             0.83882,             0.75106,             0.80398,             0.61433,             0.03017,            0.011514,            0.024835,           0.0053223,           0.0053223,           0.0053223
                 191,            0.021377,            0.018539,           0.0028404,             0.79467,             0.75189,             0.80065,             0.61499,            0.030396,            0.012097,            0.023778,           0.0052975,           0.0052975,           0.0052975
                 192,            0.021064,            0.020295,           0.0023097,              0.8467,             0.70002,             0.83124,             0.63288,            0.030654,            0.012475,            0.019038,           0.0052727,           0.0052727,           0.0052727
                 193,            0.022305,            0.020207,            0.002704,             0.83903,              0.7586,             0.83872,             0.64215,             0.03024,            0.012074,             0.01966,            0.005248,            0.005248,            0.005248
                 194,            0.021377,            0.018426,           0.0026231,             0.81528,             0.75134,             0.80797,             0.61675,            0.028956,            0.011797,            0.029267,           0.0052233,           0.0052233,           0.0052233
                 195,            0.021316,            0.019847,           0.0025038,             0.84992,               0.721,             0.81773,             0.62872,            0.029476,            0.011481,            0.028938,           0.0051985,           0.0051985,           0.0051985
                 196,            0.021804,            0.018908,           0.0026819,             0.81254,             0.72534,             0.80897,             0.61676,            0.030509,             0.01257,            0.027933,           0.0051737,           0.0051737,           0.0051737
                 197,            0.021743,            0.020587,           0.0023233,             0.89886,             0.69788,             0.82228,             0.63167,            0.030019,            0.011938,             0.02875,            0.005149,            0.005149,            0.005149
                 198,            0.022502,            0.019286,           0.0022397,             0.91566,             0.72001,             0.82477,             0.63043,            0.030295,            0.012013,            0.027129,           0.0051243,           0.0051243,           0.0051243
                 199,            0.022361,            0.019915,           0.0025047,             0.82007,             0.77091,             0.82542,             0.62183,            0.031125,            0.012593,            0.023662,           0.0050995,           0.0050995,           0.0050995
                 200,            0.022037,            0.019787,           0.0026316,             0.86425,             0.75153,             0.84744,             0.63947,             0.03143,            0.011657,            0.020648,           0.0050747,           0.0050747,           0.0050747
                 201,            0.020427,             0.01862,            0.002321,              0.8669,             0.73269,             0.83316,             0.63541,            0.030715,            0.011543,            0.022744,             0.00505,             0.00505,             0.00505
                 202,            0.020655,            0.018929,           0.0026105,             0.82335,             0.74366,              0.8343,             0.63848,            0.030012,            0.011327,            0.022415,           0.0050253,           0.0050253,           0.0050253
                 203,            0.021298,            0.019452,           0.0021991,             0.84554,             0.73595,              0.8182,             0.63796,            0.030608,            0.011535,            0.024423,           0.0050005,           0.0050005,           0.0050005
                 204,            0.021875,            0.019852,           0.0019364,             0.86277,             0.70973,             0.80115,             0.62139,            0.030836,            0.011979,            0.028336,           0.0049758,           0.0049758,           0.0049758
                 205,            0.020841,            0.018917,           0.0023754,             0.88498,             0.72879,              0.8158,              0.6238,            0.031425,            0.011963,            0.027076,            0.004951,            0.004951,            0.004951
                 206,            0.021804,            0.018626,           0.0021432,              0.8464,             0.76627,             0.82526,             0.62698,            0.031698,            0.011834,            0.025238,           0.0049263,           0.0049263,           0.0049263
                 207,            0.019991,            0.017494,           0.0021915,             0.85672,             0.73406,             0.81299,             0.62443,            0.030828,            0.011981,            0.031637,           0.0049015,           0.0049015,           0.0049015
                 208,            0.020832,            0.018724,           0.0017452,             0.86032,             0.71358,             0.79879,             0.61449,            0.030795,            0.012057,             0.03067,           0.0048768,           0.0048768,           0.0048768
                 209,            0.020662,            0.018841,           0.0023228,             0.88898,             0.70451,             0.81509,             0.62352,            0.030931,            0.011461,            0.027039,            0.004852,            0.004852,            0.004852
                 210,            0.020946,            0.018927,            0.002347,             0.84544,             0.76465,              0.8304,             0.63365,            0.030207,            0.011509,            0.027158,           0.0048272,           0.0048272,           0.0048272
                 211,            0.021108,            0.019981,           0.0018115,             0.85317,             0.76241,             0.83542,             0.63959,            0.029938,            0.011781,            0.029981,           0.0048025,           0.0048025,           0.0048025
                 212,            0.021869,             0.01924,           0.0021987,             0.89055,             0.74154,              0.8298,             0.63633,            0.029886,            0.012333,            0.030027,           0.0047778,           0.0047778,           0.0047778
                 213,            0.020506,            0.018418,           0.0022716,             0.89968,             0.66321,             0.81329,             0.63444,            0.031016,             0.01178,             0.02809,            0.004753,            0.004753,            0.004753
                 214,            0.020789,            0.018726,           0.0021977,             0.89332,             0.67302,             0.81793,             0.63075,            0.031236,            0.012121,            0.024236,           0.0047283,           0.0047283,           0.0047283
                 215,            0.020375,            0.018945,           0.0024092,              0.8579,             0.68579,             0.81845,             0.63777,            0.031212,            0.012311,            0.022541,           0.0047035,           0.0047035,           0.0047035
                 216,            0.020743,            0.019313,             0.00255,             0.80079,               0.752,             0.81619,             0.63232,            0.030504,            0.012517,             0.02319,           0.0046788,           0.0046788,           0.0046788
                 217,            0.021185,            0.018494,           0.0022436,              0.9163,             0.66564,             0.80555,             0.63223,            0.030589,            0.012264,            0.025391,            0.004654,            0.004654,            0.004654
                 218,            0.020436,            0.019428,            0.002309,              0.8627,             0.72239,             0.80691,             0.63541,            0.030096,            0.012381,            0.025846,           0.0046293,           0.0046293,           0.0046293
                 219,            0.020703,            0.018099,           0.0019511,             0.89383,             0.71132,             0.81629,             0.63209,            0.031017,            0.012281,            0.023819,           0.0046045,           0.0046045,           0.0046045
                 220,            0.020615,            0.018691,           0.0019516,             0.82569,             0.72532,             0.80908,             0.63029,            0.030831,            0.012291,            0.020412,           0.0045798,           0.0045798,           0.0045798
                 221,             0.01989,            0.018704,           0.0021662,             0.83384,             0.72732,             0.81821,             0.62878,            0.030932,            0.012719,            0.017488,            0.004555,            0.004555,            0.004555
                 222,            0.020669,            0.018849,           0.0020413,             0.83343,             0.74505,             0.83268,              0.6412,            0.030578,            0.012475,            0.015025,           0.0045303,           0.0045303,           0.0045303
                 223,            0.020426,            0.019375,           0.0019517,             0.86745,             0.75987,             0.84449,             0.65483,            0.030457,             0.01177,            0.014275,           0.0045055,           0.0045055,           0.0045055
                 224,            0.020758,            0.020161,           0.0022556,             0.90047,             0.73534,              0.8426,             0.64932,            0.030963,            0.012116,            0.015385,           0.0044808,           0.0044808,           0.0044808
                 225,              0.0208,            0.019443,           0.0018823,             0.84404,             0.76573,             0.83572,             0.63385,            0.030238,            0.011991,            0.021935,            0.004456,            0.004456,            0.004456
                 226,            0.020017,            0.018156,            0.002042,              0.8987,             0.68364,             0.81722,             0.62824,            0.030595,            0.012054,             0.02512,           0.0044313,           0.0044313,           0.0044313
                 227,            0.021025,            0.018782,           0.0016679,             0.91652,             0.68563,             0.82615,             0.62939,            0.030046,            0.012097,             0.02832,           0.0044065,           0.0044065,           0.0044065
                 228,            0.019751,            0.018277,           0.0020525,             0.89641,             0.69799,             0.81598,             0.62241,            0.030282,            0.012672,            0.026864,           0.0043818,           0.0043818,           0.0043818
                 229,            0.020271,            0.019209,            0.002401,             0.83519,             0.73709,             0.81992,             0.64143,            0.031134,            0.012036,            0.027741,            0.004357,            0.004357,            0.004357
                 230,            0.020994,            0.018265,           0.0020138,             0.85619,              0.7305,             0.81961,                0.63,            0.030768,            0.011831,            0.026299,           0.0043323,           0.0043323,           0.0043323
                 231,            0.020172,            0.018325,           0.0025708,              0.8866,             0.73094,             0.86174,             0.65689,            0.030215,            0.011301,            0.020398,           0.0043075,           0.0043075,           0.0043075
                 232,            0.019705,            0.019197,           0.0021386,             0.91741,             0.72635,             0.87175,             0.66589,            0.029541,             0.01139,            0.020373,           0.0042828,           0.0042828,           0.0042828
                 233,            0.019699,            0.017768,           0.0023192,             0.92894,             0.72786,             0.85824,             0.66541,            0.030222,            0.011549,            0.018177,            0.004258,            0.004258,            0.004258
                 234,            0.020639,            0.019013,           0.0018582,             0.92473,             0.71443,             0.85385,             0.65607,            0.031016,            0.011911,            0.014956,           0.0042333,           0.0042333,           0.0042333
                 235,            0.020049,            0.018573,           0.0020105,             0.88686,             0.72977,             0.83452,             0.64204,            0.030598,            0.011806,            0.019142,           0.0042085,           0.0042085,           0.0042085
                 236,            0.020235,            0.019707,           0.0017496,             0.90114,             0.70514,             0.83838,             0.65312,            0.030117,            0.011758,            0.018813,           0.0041837,           0.0041837,           0.0041837
                 237,            0.020023,             0.01827,           0.0017065,             0.81164,             0.72641,              0.8046,             0.63268,             0.03041,            0.012131,              0.0233,            0.004159,            0.004159,            0.004159
                 238,            0.019809,            0.017455,           0.0016255,             0.82378,             0.77031,             0.83195,             0.64121,            0.029777,            0.011965,            0.024624,           0.0041342,           0.0041342,           0.0041342
                 239,            0.020034,            0.017787,           0.0020811,             0.82214,              0.7387,             0.80612,             0.62978,            0.029886,            0.011803,            0.021153,           0.0041095,           0.0041095,           0.0041095
                 240,            0.020054,            0.018913,           0.0016818,             0.82431,             0.74548,             0.81477,             0.64307,            0.030442,            0.011756,            0.019958,           0.0040847,           0.0040847,           0.0040847
                 241,            0.019619,            0.018247,           0.0021305,             0.82032,             0.74488,             0.81685,             0.63273,            0.030588,            0.012249,            0.021448,             0.00406,             0.00406,             0.00406
                 242,            0.019393,            0.018285,           0.0015856,              0.8281,             0.75039,             0.82915,             0.64327,            0.030365,             0.01184,             0.02007,           0.0040352,           0.0040352,           0.0040352
                 243,            0.019829,            0.017306,           0.0019231,             0.86068,             0.72223,             0.80682,             0.63887,            0.029967,            0.011274,            0.025349,           0.0040105,           0.0040105,           0.0040105
                 244,            0.019926,            0.018475,           0.0019504,              0.8588,             0.72758,             0.81664,             0.63535,            0.029872,            0.011339,            0.028524,           0.0039857,           0.0039857,           0.0039857
                 245,            0.019981,            0.018713,           0.0019167,             0.81821,             0.76867,             0.81769,             0.63632,            0.028794,            0.011793,            0.031574,            0.003961,            0.003961,            0.003961
                 246,            0.020222,            0.018549,           0.0018309,             0.83872,             0.76388,             0.82746,             0.63053,              0.0294,            0.012382,            0.029215,           0.0039362,           0.0039362,           0.0039362
                 247,            0.020764,            0.019483,           0.0017658,              0.8729,             0.72245,             0.81442,             0.63594,            0.029224,            0.012345,            0.024908,           0.0039115,           0.0039115,           0.0039115
                 248,            0.019146,            0.017559,           0.0015509,             0.86876,             0.72726,             0.80068,             0.63769,            0.029104,            0.012585,             0.02552,           0.0038867,           0.0038867,           0.0038867
                 249,            0.019638,            0.018037,           0.0013857,             0.88893,             0.75269,             0.83392,             0.63479,            0.029476,             0.01281,            0.022635,            0.003862,            0.003862,            0.003862
                 250,            0.019051,            0.017403,           0.0019379,             0.88828,             0.73703,             0.83637,             0.63809,            0.029534,            0.012749,            0.019502,           0.0038372,           0.0038372,           0.0038372
                 251,            0.019288,            0.017385,           0.0018527,             0.86058,             0.76408,              0.8341,             0.63277,            0.029691,            0.013237,            0.024927,           0.0038125,           0.0038125,           0.0038125
                 252,            0.019493,            0.019215,           0.0019593,             0.87282,              0.7374,             0.82509,             0.63835,            0.029393,            0.012874,            0.027049,           0.0037878,           0.0037878,           0.0037878
                 253,            0.019673,            0.018027,           0.0019283,             0.86442,              0.7017,             0.79406,             0.63214,            0.029069,            0.012344,            0.029296,            0.003763,            0.003763,            0.003763
                 254,            0.019648,            0.017804,            0.001824,             0.82373,             0.74637,             0.79761,             0.64251,            0.030234,            0.012378,             0.02733,           0.0037383,           0.0037383,           0.0037383
                 255,            0.019299,            0.018573,           0.0018708,             0.86822,             0.72215,             0.81095,             0.64061,            0.030462,            0.012559,            0.024109,           0.0037135,           0.0037135,           0.0037135
                 256,            0.019285,            0.017633,           0.0019043,             0.85358,             0.73926,              0.8047,             0.63397,            0.030087,            0.012355,            0.027408,           0.0036888,           0.0036888,           0.0036888
                 257,            0.019726,            0.017641,           0.0017215,             0.87131,             0.71633,             0.80932,             0.62987,            0.029922,            0.012725,            0.028609,            0.003664,            0.003664,            0.003664
                 258,            0.019166,            0.017635,           0.0018735,              0.8466,             0.70803,             0.79999,             0.63149,            0.029835,            0.012684,            0.027808,           0.0036393,           0.0036393,           0.0036393
                 259,            0.019841,            0.018257,           0.0018712,             0.84897,             0.72043,             0.80417,             0.62094,             0.02968,             0.01279,            0.025865,           0.0036145,           0.0036145,           0.0036145
                 260,            0.019675,            0.017412,           0.0022134,             0.81151,             0.74107,             0.79444,             0.61589,            0.029957,            0.012709,            0.025051,           0.0035898,           0.0035898,           0.0035898
                 261,            0.019082,             0.01777,           0.0017433,             0.79893,             0.76842,             0.79851,             0.63497,            0.030055,            0.012388,            0.020911,            0.003565,            0.003565,            0.003565
                 262,            0.019606,            0.016988,           0.0020489,             0.83599,             0.76755,             0.81818,             0.63686,            0.030155,            0.012652,            0.013915,           0.0035403,           0.0035403,           0.0035403
                 263,            0.018512,            0.017303,           0.0017432,             0.79984,             0.75475,             0.81551,             0.64383,            0.030149,            0.012064,            0.011545,           0.0035155,           0.0035155,           0.0035155
                 264,            0.020027,            0.018529,           0.0015436,             0.83226,             0.73263,             0.81111,             0.64355,            0.029639,            0.012146,             0.01813,           0.0034908,           0.0034908,           0.0034908
                 265,            0.019281,            0.018651,           0.0018899,             0.85495,             0.77314,             0.82685,             0.64832,            0.030086,            0.012753,            0.020683,            0.003466,            0.003466,            0.003466
                 266,            0.019191,            0.018276,           0.0016266,             0.82765,             0.76563,             0.82883,             0.64115,            0.029781,            0.012868,            0.019106,           0.0034413,           0.0034413,           0.0034413
                 267,            0.019104,            0.018284,           0.0017132,              0.8486,              0.7332,             0.83263,             0.64973,            0.029806,             0.01233,             0.02048,           0.0034165,           0.0034165,           0.0034165
                 268,            0.018795,            0.017407,           0.0018894,             0.86593,             0.73699,             0.84283,              0.6465,            0.030129,            0.012242,            0.018938,           0.0033918,           0.0033918,           0.0033918
                 269,            0.018904,            0.017744,           0.0017753,             0.83279,             0.75887,             0.84421,              0.6577,            0.030467,            0.011727,            0.018599,            0.003367,            0.003367,            0.003367
                 270,            0.019191,            0.017665,           0.0015585,             0.84365,             0.76438,             0.82615,             0.64112,            0.030939,            0.012181,             0.02302,           0.0033423,           0.0033423,           0.0033423
                 271,            0.018013,            0.017112,           0.0015547,             0.82381,             0.73685,                 0.8,             0.62476,            0.031128,            0.012588,            0.027766,           0.0033175,           0.0033175,           0.0033175
                 272,            0.018663,             0.01715,           0.0022449,             0.81381,             0.70506,             0.79778,             0.62219,             0.03107,            0.012808,            0.026206,           0.0032928,           0.0032928,           0.0032928
                 273,            0.019188,            0.017788,           0.0017846,             0.81502,             0.74776,             0.82214,             0.63909,            0.030288,            0.012266,            0.022655,            0.003268,            0.003268,            0.003268
                 274,            0.019824,            0.018059,           0.0017591,             0.80547,             0.76366,             0.82138,             0.64253,            0.029753,             0.01189,            0.017635,           0.0032433,           0.0032433,           0.0032433
                 275,            0.018795,            0.016996,            0.001718,             0.81422,             0.80915,             0.84442,             0.65394,            0.029178,            0.011814,            0.013035,           0.0032185,           0.0032185,           0.0032185
                 276,            0.017982,            0.016986,           0.0018699,             0.83022,              0.7534,             0.83223,             0.64289,            0.029536,            0.012233,            0.016226,           0.0031938,           0.0031938,           0.0031938
                 277,            0.019228,            0.017614,           0.0015172,             0.82609,              0.7458,              0.8289,             0.63943,            0.029942,            0.012427,            0.023067,            0.003169,            0.003169,            0.003169
                 278,            0.018009,            0.016822,           0.0019179,             0.85968,             0.72199,             0.81304,             0.63857,            0.030431,            0.012079,            0.025299,           0.0031443,           0.0031443,           0.0031443
                 279,            0.018891,             0.01676,           0.0016712,             0.86689,              0.7365,             0.79398,             0.62292,             0.03142,            0.012155,            0.028046,           0.0031195,           0.0031195,           0.0031195
                 280,            0.019786,            0.017922,             0.00178,             0.87455,             0.70486,             0.78659,             0.63482,            0.030823,            0.011976,            0.028252,           0.0030948,           0.0030948,           0.0030948
                 281,            0.018338,            0.017106,           0.0016847,             0.83013,             0.69891,             0.80035,             0.62745,            0.030654,            0.012234,            0.028327,             0.00307,             0.00307,             0.00307
                 282,            0.019112,            0.016922,           0.0015408,             0.79384,               0.698,             0.77398,             0.61884,            0.030572,            0.012491,            0.031118,           0.0030452,           0.0030452,           0.0030452
                 283,             0.01848,            0.016664,           0.0015782,             0.80379,             0.72082,             0.78963,             0.62319,            0.030441,            0.012296,            0.031254,           0.0030205,           0.0030205,           0.0030205
                 284,            0.018438,            0.016451,           0.0013061,             0.84771,             0.70736,             0.79755,             0.62738,            0.030704,            0.012493,            0.028608,           0.0029957,           0.0029957,           0.0029957
                 285,            0.018536,            0.018314,           0.0016047,             0.90071,             0.68188,             0.80317,             0.63606,             0.03079,            0.012975,            0.021661,            0.002971,            0.002971,            0.002971
                 286,            0.019527,            0.017379,           0.0013461,             0.89359,             0.69091,              0.8069,             0.64135,            0.030512,            0.012672,            0.021952,           0.0029462,           0.0029462,           0.0029462
                 287,            0.018111,            0.016544,           0.0016457,             0.87342,             0.70632,             0.80178,             0.63839,            0.030208,            0.012689,            0.024439,           0.0029215,           0.0029215,           0.0029215
                 288,             0.01862,            0.017797,           0.0019936,             0.85293,             0.73336,             0.82058,             0.64926,            0.030367,            0.012337,            0.024115,           0.0028967,           0.0028967,           0.0028967
                 289,            0.017857,            0.017225,           0.0014492,             0.90711,             0.71139,             0.82693,             0.64685,            0.030524,             0.01212,             0.02571,            0.002872,            0.002872,            0.002872
                 290,            0.018731,            0.017238,           0.0014052,             0.86664,             0.71101,             0.80925,             0.64232,            0.030984,            0.012581,            0.025279,           0.0028472,           0.0028472,           0.0028472
                 291,            0.018447,            0.015929,           0.0015688,             0.81777,             0.74734,              0.8054,             0.63316,            0.030965,            0.012903,            0.026521,           0.0028225,           0.0028225,           0.0028225
                 292,            0.018821,            0.017416,           0.0017051,             0.82652,             0.74101,             0.82622,              0.6488,            0.030761,             0.01258,            0.022552,           0.0027977,           0.0027977,           0.0027977
                 293,            0.018525,            0.017691,           0.0014991,             0.85876,             0.75216,             0.83069,             0.64851,            0.030846,            0.012491,            0.025822,            0.002773,            0.002773,            0.002773
                 294,            0.017746,            0.016245,           0.0015751,             0.85907,             0.74922,             0.82333,             0.65305,            0.031028,            0.011958,            0.026824,           0.0027482,           0.0027482,           0.0027482
                 295,            0.018582,            0.018039,           0.0015065,             0.92422,             0.67351,             0.83471,             0.65965,            0.030874,            0.011438,            0.024702,           0.0027235,           0.0027235,           0.0027235
                 296,            0.017715,             0.01605,           0.0016052,              0.8863,             0.70536,             0.83363,             0.66432,            0.030526,            0.011764,            0.025474,           0.0026987,           0.0026987,           0.0026987
                 297,            0.018168,              0.0169,           0.0017191,             0.89486,             0.71647,             0.82023,             0.66215,            0.030081,            0.012153,             0.02847,            0.002674,            0.002674,            0.002674
                 298,            0.018019,            0.016517,           0.0016409,              0.9426,             0.69677,             0.81635,             0.65764,            0.029807,            0.012338,            0.028486,           0.0026492,           0.0026492,           0.0026492
                 299,            0.017697,            0.016336,            0.001733,             0.92275,             0.70162,             0.82257,             0.65134,            0.029948,            0.011949,            0.028727,           0.0026245,           0.0026245,           0.0026245
                 300,            0.017956,            0.016949,           0.0017149,             0.89606,             0.70542,              0.8268,              0.6568,            0.029944,            0.011923,            0.025494,           0.0025997,           0.0025997,           0.0025997
                 301,            0.017959,            0.016568,           0.0014926,             0.82126,              0.7675,             0.83834,             0.65502,            0.030774,            0.012127,            0.025296,            0.002575,            0.002575,            0.002575
                 302,            0.018176,            0.017597,           0.0014236,             0.82939,             0.73596,             0.83088,             0.65124,             0.03105,             0.01274,            0.025756,           0.0025503,           0.0025503,           0.0025503
                 303,            0.018129,            0.017783,            0.001702,             0.90453,             0.67436,             0.82163,             0.64681,            0.030299,            0.013051,            0.027349,           0.0025255,           0.0025255,           0.0025255
                 304,            0.017731,            0.015618,           0.0017129,              0.9258,             0.66995,             0.81731,             0.64651,            0.029686,            0.012732,            0.026756,           0.0025008,           0.0025008,           0.0025008
                 305,            0.017743,            0.016848,           0.0013848,             0.85418,             0.71269,             0.81326,             0.63648,            0.029349,            0.012242,            0.028143,            0.002476,            0.002476,            0.002476
                 306,            0.018028,            0.016607,           0.0015339,              0.8643,             0.71366,             0.81814,             0.63787,             0.02927,             0.01184,            0.026242,           0.0024513,           0.0024513,           0.0024513
                 307,            0.018389,            0.016509,             0.00181,             0.85823,             0.67584,             0.80108,              0.6351,            0.029593,            0.012012,            0.024057,           0.0024265,           0.0024265,           0.0024265
                 308,            0.018347,            0.017559,           0.0014219,              0.8538,             0.70973,             0.82088,             0.64618,            0.029598,            0.011777,             0.02412,           0.0024018,           0.0024018,           0.0024018
                 309,            0.017509,            0.016186,           0.0019507,             0.87777,             0.69073,              0.8153,             0.63512,             0.02948,            0.012112,            0.028001,            0.002377,            0.002377,            0.002377
                 310,             0.01717,            0.016221,           0.0014155,             0.86289,             0.69357,             0.81031,             0.63779,             0.02971,             0.01223,            0.029858,           0.0023523,           0.0023523,           0.0023523
                 311,            0.017234,            0.016433,           0.0015051,             0.87795,             0.69036,             0.80576,             0.62713,            0.030122,             0.01247,            0.030735,           0.0023275,           0.0023275,           0.0023275
                 312,            0.017667,            0.016697,           0.0015127,             0.89765,             0.68116,             0.79893,              0.6297,            0.030314,            0.012749,            0.029172,           0.0023028,           0.0023028,           0.0023028
                 313,            0.017329,            0.015975,            0.001602,             0.77184,             0.77392,             0.79871,             0.61958,            0.030874,            0.013033,            0.028858,            0.002278,            0.002278,            0.002278
                 314,            0.017829,            0.016602,           0.0016783,             0.85535,             0.67838,             0.79623,             0.62208,            0.030468,            0.013194,            0.028829,           0.0022533,           0.0022533,           0.0022533
                 315,            0.017438,            0.015801,           0.0019823,             0.87115,             0.67825,              0.7933,             0.63302,            0.030747,            0.013387,            0.027857,           0.0022285,           0.0022285,           0.0022285
                 316,            0.016821,            0.016191,           0.0016541,             0.82983,             0.73636,             0.81332,             0.63957,             0.03088,            0.013256,            0.029501,           0.0022038,           0.0022038,           0.0022038
                 317,            0.017523,            0.016291,           0.0013736,             0.80976,             0.76478,             0.81065,             0.63668,             0.03067,            0.012679,            0.030122,            0.002179,            0.002179,            0.002179
                 318,            0.017394,            0.016479,           0.0015022,             0.90498,             0.67437,             0.80682,             0.64021,            0.030243,            0.012373,            0.031126,           0.0021543,           0.0021543,           0.0021543
                 319,            0.017804,            0.016577,           0.0012018,             0.84463,             0.69453,             0.80793,             0.63664,            0.030166,            0.012577,            0.031204,           0.0021295,           0.0021295,           0.0021295
                 320,             0.01746,            0.016156,            0.001446,              0.8374,             0.69441,             0.81136,             0.64091,            0.030008,            0.012713,            0.028839,           0.0021048,           0.0021048,           0.0021048
                 321,            0.018162,            0.017173,           0.0013741,             0.86296,             0.70265,             0.80853,             0.64722,            0.030027,            0.012733,            0.028152,             0.00208,             0.00208,             0.00208
                 322,            0.017908,            0.016597,           0.0012953,             0.87743,             0.69146,             0.81426,             0.65147,             0.03016,            0.012886,            0.026592,           0.0020553,           0.0020553,           0.0020553
                 323,            0.017125,            0.016585,           0.0012554,              0.8937,             0.68083,             0.81609,              0.6479,            0.029919,            0.012816,            0.026975,           0.0020305,           0.0020305,           0.0020305
                 324,             0.01721,            0.016664,            0.001131,             0.87033,             0.69245,             0.80992,             0.63175,            0.030202,            0.013075,            0.027693,           0.0020058,           0.0020058,           0.0020058
                 325,            0.018873,            0.018039,           0.0011246,             0.86898,             0.69183,             0.81222,             0.63072,            0.029998,            0.013038,            0.029416,            0.001981,            0.001981,            0.001981
                 326,            0.016855,            0.016253,            0.001399,             0.88055,             0.66391,              0.8034,             0.63862,            0.029794,             0.01283,             0.02882,           0.0019563,           0.0019563,           0.0019563
                 327,            0.016974,            0.016257,             0.00139,              0.8826,             0.69083,             0.82327,             0.64542,            0.030092,            0.012691,            0.026162,           0.0019315,           0.0019315,           0.0019315
                 328,            0.017259,            0.016575,           0.0017817,             0.88397,              0.6879,             0.81568,             0.65016,            0.030049,            0.012568,             0.02617,           0.0019068,           0.0019068,           0.0019068
                 329,            0.018031,            0.016544,           0.0013624,             0.84198,             0.72871,             0.81735,             0.64699,            0.029803,            0.012378,            0.027116,            0.001882,            0.001882,            0.001882
                 330,            0.016941,            0.015831,           0.0012841,             0.81921,             0.71898,             0.81713,             0.65054,            0.029826,            0.012361,            0.027817,           0.0018572,           0.0018572,           0.0018572
                 331,            0.017146,            0.016056,           0.0013311,             0.76753,             0.78278,             0.83454,             0.64915,            0.029993,            0.012412,            0.026725,           0.0018325,           0.0018325,           0.0018325
                 332,            0.017659,            0.016878,           0.0014206,             0.81373,             0.73749,             0.83929,             0.65967,            0.029713,            0.012371,            0.025322,           0.0018077,           0.0018077,           0.0018077
